name,subj_mean,subj_std,pred
7180497616.jpg,56.86229,0.6715166,62.062049865722656
7181156093.jpg,46.872845,0.675039,52.65414047241211
7181400642.jpg,41.65,0.6012551,50.01136016845703
7182538268.jpg,78.53398,0.453517,76.48084259033203
7183220075.jpg,81.07353,0.45926654,70.94966888427734
7185825441.jpg,41.811947,0.5356417,39.299354553222656
7186435015.jpg,75.180084,0.5544073,68.68451690673828
7186783534.jpg,52.718487,0.6117062,57.697105407714844
7188136873.jpg,50.275,0.6010923,44.99112319946289
7188151253.jpg,38.334747,0.6024595,38.75910186767578
7188153176.jpg,52.310974,0.59308183,45.096641540527344
7188178353.jpg,52.08945,0.5876135,47.24945068359375
7189264298.jpg,79.82563,0.5593036,71.46956634521484
7189498789.jpg,64.19954,0.7129634,57.4652214050293
7189997672.jpg,69.625,0.5369514,74.6209945678711
7191194360.jpg,47.725662,0.6905135,45.1336555480957
7192279956.jpg,63.20946,0.50492084,60.35213851928711
7192501662.jpg,67.75,0.5758351,66.287109375
7192785398.jpg,56.597828,0.6019352,54.16621780395508
7194253160.jpg,76.21622,0.48007375,72.05204010009766
7194624166.jpg,76.97174,0.5630734,74.41568756103516
7194820358.jpg,80.87168,0.4440083,75.72786712646484
7196174704.jpg,56.13221,0.55668753,51.190670013427734
7196416584.jpg,56.882076,0.55339664,56.54808807373047
7200434768.jpg,64.95301,0.54151,60.14570999145508
7202630536.jpg,66.85268,0.5735459,68.96280670166016
7202661434.jpg,69.40625,0.5311659,66.3851547241211
7203007382.jpg,38.05263,0.5182271,34.651641845703125
7203013446.jpg,57.145832,0.5291185,47.89724349975586
7203865570.jpg,76.47222,0.420499,70.29403686523438
7212441932.jpg,63.39563,0.5669467,49.60942840576172
7213266604.jpg,58.4527,0.52429914,64.5133285522461
7214387770.jpg,73.76923,0.5098767,72.3334732055664
7214440922.jpg,60.33125,0.6672689,57.733123779296875
7214629206.jpg,68.617645,0.5341231,59.201271057128906
7215678842.jpg,73.698715,0.49881104,72.82672119140625
7217797182.jpg,63.34198,0.5200952,67.05553436279297
7219282312.jpg,55.46398,0.58349717,53.41510772705078
7219295732.jpg,44.125,0.5733349,48.110748291015625
7222616846.jpg,76.1589,0.519855,72.44080352783203
7222733996.jpg,76.9,0.4776838,67.37531280517578
7223815722.jpg,69.283485,0.57239133,68.4605484008789
7224064916.jpg,70.26887,0.55287325,65.03536987304688
7225479532.jpg,61.129807,0.62156516,52.296722412109375
7228274052.jpg,72.55,0.6009495,60.735870361328125
7229767436.jpg,68.892204,0.5651601,64.59489440917969
7230853930.jpg,72.22248,0.5411615,63.65538787841797
7232368208.jpg,62.69248,0.6188177,49.100181579589844
7232875546.jpg,70.364075,0.59111863,63.188629150390625
7233783308.jpg,64.36555,0.65000033,70.62728118896484
7236084356.jpg,78.93446,0.4808087,72.9670181274414
7238368946.jpg,36.8875,0.70135003,41.01268005371094
7238571992.jpg,72.927185,0.5322544,66.82869720458984
7238585598.jpg,66.48894,0.5341231,56.69776916503906
7238696504.jpg,57.56081,0.50843704,52.115264892578125
7240407408.jpg,62.1875,0.6250938,60.02067947387695
7241141390.jpg,22.204546,0.61819005,19.253259658813477
7242888546.jpg,49.74312,0.5252224,50.52968978881836
7247521810.jpg,34.34375,0.75502396,31.509883880615234
7249502132.jpg,67.38551,0.5941718,64.73614501953125
7250719968.jpg,76.451454,0.46907988,71.8695297241211
7250885308.jpg,69.77434,0.6213016,62.38569641113281
7252678814.jpg,76.95946,0.6241282,74.51129150390625
7253127574.jpg,70.18908,0.56697446,66.25543212890625
7253262358.jpg,45.34375,0.6196666,40.360313415527344
7253541416.jpg,75.005554,0.5335462,69.82404327392578
7255289130.jpg,74.59869,0.5055506,69.6711196899414
7255559908.jpg,80.35381,0.5739296,71.05065155029297
7259290306.jpg,58.463043,0.557411,56.9544792175293
7259325322.jpg,60.777542,0.58205247,60.99311065673828
7259602320.jpg,59.99115,0.5354324,46.1767463684082
7259699596.jpg,55.234783,0.5163978,61.92121887207031
7260057636.jpg,66.3125,0.57851624,64.28205108642578
7260432838.jpg,69.96359,0.55604494,66.31816864013672
7260489840.jpg,70.55604,0.54386353,65.63821411132812
7262794678.jpg,71.675,0.5736063,70.9974365234375
7262954956.jpg,74.891304,0.53315014,71.7766342163086
7263783306.jpg,40.04018,0.588037,43.24348831176758
7264008364.jpg,73.947365,0.57607996,71.99591827392578
7264923790.jpg,77.11522,0.4884895,75.70349884033203
7264968696.jpg,70.81368,0.5886159,68.1878890991211
7265767786.jpg,76.58456,0.5301354,76.0489273071289
7265792384.jpg,52.245193,0.63649684,55.691558837890625
7266979612.jpg,69.34559,0.5551953,64.2964859008789
7267070590.jpg,34.314285,0.62815887,37.28045654296875
7267396470.jpg,49.714287,0.56197625,45.232906341552734
7268649826.jpg,67.154205,0.521846,69.63860321044922
7268981578.jpg,36.30048,0.6178681,42.37691116333008
7269352924.jpg,58.598625,0.5558546,60.785675048828125
7269365920.jpg,69.513245,0.6182895,70.05811309814453
7270304334.jpg,23.956522,0.49756947,26.26479721069336
7270764894.jpg,70.20043,0.59960306,66.39781951904297
7270896820.jpg,66.780975,0.58922046,65.28279113769531
7271105620.jpg,77.11522,0.531602,70.0940170288086
7272392080.jpg,75.25,0.49211606,64.28093719482422
7272599674.jpg,48.980263,0.5272104,49.37495422363281
7275267386.jpg,46.617645,0.5636994,42.85259246826172
7276071932.jpg,79.44375,0.4767313,75.38148498535156
7276321940.jpg,39.676605,0.5740252,40.099491119384766
7276446104.jpg,70.3141,0.51629007,60.153594970703125
7276523780.jpg,74.62736,0.49447498,70.89707946777344
7277660018.jpg,71.44782,0.5527843,59.818931579589844
7280314854.jpg,54.84598,0.64605135,46.931941986083984
7280808920.jpg,75.04025,0.53753215,70.43720245361328
7281146720.jpg,73.132744,0.53466517,71.78392791748047
7283094026.jpg,78.34375,0.729795,75.27185821533203
7285012394.jpg,66.702705,0.565995,64.29776763916016
7286003056.jpg,70.92857,0.5396347,71.07085418701172
7287141628.jpg,67.07174,0.53830147,57.727821350097656
7287423330.jpg,71.5375,0.57336587,69.18445587158203
7288043746.jpg,43.04327,0.5467656,34.30609130859375
7288524676.jpg,64.25,0.6498396,64.7352523803711
7289957138.jpg,56.6875,0.61640286,61.93537902832031
7291000146.jpg,66.2374,0.5966881,67.56676483154297
7292757116.jpg,77.23884,0.48557127,70.920166015625
7292878318.jpg,61.138157,0.53169125,65.85832977294922
7295291032.jpg,69.283485,0.6026896,70.56036376953125
7295363820.jpg,60.044117,0.95160514,74.68775177001953
7296337218.jpg,65.5,0.55561936,65.6329116821289
7297259404.jpg,64.175674,0.5990138,60.206748962402344
7297786732.jpg,66.77702,0.53633606,67.40345001220703
7300513490.jpg,62.34028,0.54999435,53.15140151977539
7300766830.jpg,59.12162,0.6393678,56.803260803222656
7301944302.jpg,65.53505,0.59552413,64.11019897460938
7303073674.jpg,78.63839,0.5177878,78.98167419433594
7303973886.jpg,67.16337,0.592536,65.46747589111328
7304709380.jpg,77.35142,0.56992143,71.41644287109375
7305940242.jpg,68.76786,0.5313872,61.94036865234375
7310636810.jpg,72.89286,0.55056155,72.01386260986328
7312266068.jpg,53.31875,0.59288454,53.2698860168457
7312752876.jpg,50.56933,0.6948856,53.228363037109375
7316131560.jpg,71.9646,0.53933424,65.82038116455078
7316218852.jpg,48.347828,0.5984171,50.18634796142578
7316593310.jpg,74.830505,0.5389081,70.7524185180664
7316816362.jpg,52.5625,0.4850052,44.62812805175781
7317766722.jpg,73.442856,0.51845807,67.96491241455078
7318578602.jpg,77.89,0.5242682,72.20572662353516
7319806894.jpg,63.403847,0.6241478,66.04637908935547
7319912164.jpg,70.81944,0.5925343,71.21110534667969
7319984198.jpg,73.08738,0.51986593,71.60157775878906
7321293264.jpg,49.077587,0.6950612,51.35129928588867
7322656062.jpg,79.15,0.47211057,70.46221160888672
7323620090.jpg,68.79009,0.55310076,67.48628997802734
7325916584.jpg,75.86682,0.53361356,66.09447479248047
7328195954.jpg,72.165215,0.55899763,66.07283782958984
7328979392.jpg,76.50848,0.6084904,69.6754379272461
7329465526.jpg,78.02254,0.4648968,72.55469512939453
7331539774.jpg,74.45395,0.5402869,67.1260757446289
7331542456.jpg,64.5692,0.6717791,68.48833465576172
7334314036.jpg,75.25,0.40317753,70.65409851074219
7334526272.jpg,69.35714,0.5351348,64.7190170288086
7337709978.jpg,63.71398,0.51718014,64.32854461669922
7337936636.jpg,76.55625,0.56304014,67.98694610595703
7339049388.jpg,80.42373,0.5806091,74.45989990234375
7339222496.jpg,65.125,0.52890086,71.1161117553711
7339227510.jpg,40.888348,0.6054559,38.59149932861328
7339736582.jpg,70.85514,0.5873803,76.5772933959961
7340239088.jpg,43.942307,0.59495556,45.11199188232422
7342857520.jpg,51.912163,0.6366188,51.81885528564453
7344897910.jpg,49.717674,0.7131797,51.34788131713867
7348582056.jpg,70.28602,0.54854435,62.702125549316406
7348931184.jpg,58.933334,0.57881695,57.498680114746094
7349520418.jpg,54.95946,0.69099385,73.11103820800781
735046558.jpg,28.889381,0.5368801,33.27899932861328
7351425672.jpg,76.11194,0.5721055,68.8543701171875
7352368166.jpg,73.56944,0.57735026,69.55819702148438
7354160932.jpg,67.832565,0.5352239,63.85978698730469
7355331384.jpg,64.72414,0.56662357,65.45124053955078
7355344734.jpg,76.28992,0.4144436,75.16034698486328
7355708808.jpg,67.29204,0.53742063,63.56721496582031
73558937.jpg,56.1375,0.7371115,54.252227783203125
7355960902.jpg,39.913715,0.60861605,43.53260040283203
7358286276.jpg,7.05,0.44483307,14.054015159606934
7358753494.jpg,54.150444,0.6150415,52.49092102050781
7359378256.jpg,71.38053,0.6233297,64.42674255371094
7360550332.jpg,72.576385,0.5517223,66.12972259521484
7361922724.jpg,78.43908,0.51572436,70.06492614746094
7362254314.jpg,54.9,0.58966637,56.22083282470703
7365538478.jpg,75.029015,0.50863475,64.33690643310547
7365681654.jpg,32.852173,0.50617766,45.00407409667969
7367414528.jpg,52.432434,0.6847368,56.591590881347656
7369136066.jpg,27.67757,0.50365007,43.632293701171875
7369281846.jpg,67.32353,0.5451942,61.251094818115234
7369682094.jpg,60.758698,0.5135526,65.56175994873047
7374960236.jpg,58.67634,0.7037948,45.527225494384766
7376214050.jpg,38.16355,0.59246105,39.48378372192383
7376910984.jpg,50.57237,0.5428619,45.21968078613281
7380460592.jpg,68.663864,0.4901873,57.48175048828125
7381771262.jpg,58.33051,0.5603823,57.56861877441406
7382035482.jpg,66.757355,0.5800404,71.98870849609375
7382484290.jpg,43.0,0.61021197,46.03874588012695
7383311936.jpg,37.04369,0.7315496,41.07249450683594
7384140824.jpg,81.07353,0.6362915,74.50743865966797
7387717156.jpg,39.26891,0.6103075,39.56565475463867
7388185182.jpg,68.05963,0.5572208,55.57096862792969
7390518132.jpg,70.70652,0.55656946,66.14032745361328
7391300046.jpg,65.22059,0.53551954,59.56456756591797
7391334516.jpg,68.48649,0.5728979,69.74378204345703
7391355184.jpg,77.50641,0.46463814,73.39669036865234
7392719524.jpg,76.11429,0.55089,73.60424041748047
7393631040.jpg,75.74359,0.5392419,74.29334259033203
7395359632.jpg,21.585714,0.48702955,24.430606842041016
7399191468.jpg,55.3125,0.58246887,55.44036102294922
7399670298.jpg,40.44079,0.55089,35.90241622924805
7401378600.jpg,79.145836,0.4980449,65.7408676147461
7402614702.jpg,23.725,0.6135435,20.20785140991211
7405428626.jpg,44.836864,0.56998897,51.819034576416016
7406520610.jpg,81.28472,0.46666938,74.4439926147461
7407428670.jpg,59.68261,0.54573053,57.27702713012695
7408729508.jpg,67.3683,0.69495827,65.55516815185547
7411918198.jpg,49.31144,0.675126,49.25617218017578
7413044200.jpg,80.29957,0.4339661,74.4688491821289
7417878338.jpg,80.48695,0.5290036,70.95960235595703
7418763178.jpg,55.057144,0.5316636,52.38190460205078
7419326966.jpg,74.39387,0.53932166,73.16532897949219
7424501528.jpg,67.502174,0.58369887,59.29304122924805
7425462410.jpg,72.92308,0.49652672,66.8884506225586
7425526298.jpg,43.783184,0.5244952,36.4764404296875
742801177.jpg,46.48649,0.6715166,37.683738708496094
7431456352.jpg,42.040253,0.68551344,51.29143524169922
7432159802.jpg,52.27941,0.56005657,54.78330993652344
7432387258.jpg,72.87288,0.6102597,65.34986877441406
7433488844.jpg,48.666668,0.52183807,41.839942932128906
7434980246.jpg,66.70796,0.5681736,62.170135498046875
7437031540.jpg,56.115547,0.6379701,59.497066497802734
7437035640.jpg,52.787815,0.62624055,57.91868591308594
7437582530.jpg,63.315533,0.56625044,60.66258239746094
7442226424.jpg,53.99576,0.59473646,53.912086486816406
7442324444.jpg,59.716217,0.5714515,52.95851135253906
7442416994.jpg,77.182434,0.50300086,69.7799301147461
7442925808.jpg,80.35381,0.45616472,60.40925979614258
7443145706.jpg,75.74359,0.466474,65.84345245361328
7443887988.jpg,18.43261,0.6937277,31.457653045654297
7445548804.jpg,54.965595,0.52248144,54.64358139038086
7445572890.jpg,80.94469,0.46180874,69.8327407836914
7445811974.jpg,71.367645,0.5985391,69.64615631103516
7448603724.jpg,71.4,0.5073366,64.57830810546875
7448606010.jpg,50.5,0.6193206,53.335731506347656
7452245552.jpg,32.149532,0.65133893,38.82304382324219
7452954268.jpg,72.07692,0.52724975,62.220375061035156
7455132680.jpg,61.152912,0.67618984,60.822025299072266
7455819414.jpg,62.29673,0.5135537,58.516761779785156
7459333336.jpg,74.37389,0.63564175,70.05194854736328
7459539092.jpg,64.97369,0.515257,56.44557189941406
7459547170.jpg,65.158485,0.56092936,55.80370330810547
7460005346.jpg,62.416668,0.61595416,61.89903259277344
7460698156.jpg,71.5913,0.57385015,69.81720733642578
7461279878.jpg,63.139908,0.53333336,57.669708251953125
7461618822.jpg,60.371796,0.60052675,49.5268440246582
7463764592.jpg,79.189186,0.43619522,68.94371795654297
7465586874.jpg,65.32079,0.54386353,63.719093322753906
7466229858.jpg,66.70536,0.5964857,62.8409423828125
7466614786.jpg,77.2,0.5336499,76.3392105102539
7467164130.jpg,62.0967,0.82761216,60.67802429199219
7468704128.jpg,79.02542,0.49714735,71.76892852783203
7470410498.jpg,57.873894,0.6530107,56.453636169433594
7470463166.jpg,73.14858,0.48977074,63.733192443847656
7470692282.jpg,44.05,0.6547172,36.83689498901367
7470832570.jpg,63.7,0.5879687,61.5931396484375
7472436450.jpg,26.631067,0.54092026,27.66281509399414
7473958436.jpg,76.61239,0.55559593,73.31460571289062
7478826230.jpg,67.66,0.5193402,66.33727264404297
7480977716.jpg,57.084133,0.52248144,61.639793395996094
7483507340.jpg,36.70378,0.64834714,36.35991668701172
7484588674.jpg,68.189186,0.63739574,60.74188232421875
7485150056.jpg,61.9,0.4776803,55.562808990478516
7488642130.jpg,67.21522,0.59887195,67.93342590332031
7490518604.jpg,66.04808,0.58629584,65.37348175048828
7490651104.jpg,71.725,0.5728776,69.35252380371094
7490674084.jpg,67.0,0.5758351,60.07797622680664
7491724488.jpg,68.8,0.5589948,59.05995178222656
7491939464.jpg,56.87815,0.7109298,51.48337173461914
7492007796.jpg,53.05531,0.7022551,52.65434265136719
7492033480.jpg,59.309322,0.6393678,57.186553955078125
7493136824.jpg,31.757282,0.55326784,34.62548828125
7495567704.jpg,62.695652,0.48859408,58.39387512207031
7497107258.jpg,53.5,0.43478572,54.27020263671875
7499578096.jpg,53.62931,0.48795003,57.498878479003906
7499781424.jpg,69.79783,0.5493919,71.12848663330078
7502944264.jpg,72.01875,0.5724743,74.90524291992188
7504569144.jpg,70.084785,0.50727314,65.67823791503906
7504875900.jpg,25.82366,0.51810575,26.222829818725586
7505379000.jpg,55.01282,0.7006015,62.20405578613281
7505926112.jpg,63.27655,0.58335155,59.23102951049805
7506629916.jpg,42.615044,0.6875217,62.68255615234375
7506684932.jpg,75.56132,0.5852102,65.9168472290039
7510638426.jpg,54.067566,0.74580634,59.33795928955078
7510743692.jpg,65.60045,0.6178681,67.22026062011719
7512526314.jpg,62.008404,0.7032935,60.16239547729492
751468322.jpg,28.99359,0.51145756,27.53375244140625
7517892652.jpg,54.842106,0.6968676,66.24639129638672
7519024248.jpg,70.24107,0.5398634,62.953922271728516
7519982836.jpg,72.6068,0.5497692,62.01532745361328
7520058110.jpg,64.95642,0.5499199,59.241947174072266
7520824760.jpg,64.82895,0.5669504,47.809261322021484
7525316320.jpg,59.052753,0.50423944,63.232730865478516
7525406860.jpg,59.51907,0.71367735,59.27585983276367
7526135750.jpg,51.193275,0.60707635,51.078590393066406
7526349354.jpg,36.875,0.54242957,32.62483596801758
7530928692.jpg,41.947247,0.64964956,29.87588119506836
7530958636.jpg,63.533615,0.69164026,65.4477767944336
7533737270.jpg,81.23125,0.57524806,74.1681137084961
7535091270.jpg,65.51351,0.5890082,60.76753234863281
7537722246.jpg,65.53505,0.6366683,66.90491485595703
7538144396.jpg,56.163136,0.45194417,54.96461486816406
7538254742.jpg,54.183037,0.5828486,60.924163818359375
7538834488.jpg,67.36504,0.54046714,57.3046875
7539744490.jpg,61.007076,0.57380915,55.90439224243164
7543000548.jpg,70.78125,0.54719895,62.64967727661133
7543397674.jpg,46.411503,0.56508017,56.44824981689453
7543713322.jpg,70.01305,0.5167456,68.68766021728516
7548332064.jpg,39.42763,0.58881515,40.094757080078125
7550549938.jpg,66.85897,0.6388644,56.84331130981445
7551562932.jpg,40.963303,0.53727067,36.00177764892578
7553660370.jpg,56.67017,0.6137159,57.14629364013672
7555167080.jpg,64.22689,0.55690384,60.246761322021484
7555880012.jpg,47.579647,0.527872,65.45824432373047
7556722466.jpg,60.758698,0.41663522,58.07789993286133
7557808298.jpg,75.76106,0.47002977,61.618125915527344
7559495698.jpg,19.094538,0.54929036,19.618736267089844
7561653238.jpg,71.43056,0.5783212,71.62430572509766
7561935496.jpg,73.111115,0.54645574,69.66132354736328
7562246986.jpg,44.260506,0.6700379,41.58300018310547
7568401328.jpg,65.61283,0.56462497,57.921607971191406
7569119428.jpg,68.58125,0.7505949,75.0513687133789
7570426860.jpg,73.01271,0.5629168,69.1659164428711
7571378378.jpg,52.92202,0.4991081,53.666343688964844
7571885930.jpg,77.828125,0.52953863,70.18987274169922
7572752818.jpg,67.96117,0.60626155,66.89376831054688
7574036406.jpg,45.026443,0.5721918,37.520774841308594
7574416384.jpg,86.00446,0.4936297,77.79004669189453
7575998494.jpg,68.73684,0.57113725,64.29452514648438
7577281784.jpg,67.36184,0.5792598,67.18859100341797
7578229060.jpg,78.275,0.5,71.2666244506836
7579253532.jpg,52.420258,0.5952297,41.96070861816406
7579386834.jpg,56.582626,0.5671202,45.14155578613281
7581184960.jpg,65.23214,0.54386353,64.7623519897461
7582497202.jpg,65.95,0.6204098,61.60370635986328
7583515.jpg,31.781513,0.62665755,33.58578109741211
7586142684.jpg,64.63372,0.58422923,58.092079162597656
7586560076.jpg,66.21087,0.5563486,64.46070098876953
7587404052.jpg,24.71875,0.51258194,24.129425048828125
7588949536.jpg,29.610092,0.49570408,38.113670349121094
7590781464.jpg,74.64449,0.57281655,74.05463409423828
7591145832.jpg,73.10084,0.5754344,67.67191314697266
7591870206.jpg,60.160255,0.53722984,50.55481719970703
7592360042.jpg,64.25,0.6098605,56.67316436767578
7593868958.jpg,64.09722,0.5679815,62.09834289550781
7597470314.jpg,52.930805,0.50204957,45.65039825439453
7603371702.jpg,75.323006,0.5422373,71.06279754638672
7605930400.jpg,73.6934,0.5452541,64.31986236572266
7607759408.jpg,35.06681,0.5669467,34.20618438720703
7608025600.jpg,72.22248,0.54160255,65.55208587646484
7608257388.jpg,52.67105,0.5048729,55.509456634521484
7613152858.jpg,73.92411,0.5091302,71.12583923339844
7614530994.jpg,79.44866,0.46071646,71.39546203613281
7616384942.jpg,75.39732,0.5127352,68.13389587402344
7617788578.jpg,62.05,0.50492084,62.08420944213867
7617916556.jpg,70.18908,0.5495468,66.77104949951172
7618408824.jpg,63.7,0.58554006,51.01429748535156
7622957154.jpg,75.88461,0.46766418,72.34508514404297
7622984342.jpg,69.11926,0.511453,62.250274658203125
7625539278.jpg,35.51376,0.5573204,29.796144485473633
762560347.jpg,57.2375,0.5123351,48.48907470703125
7627158600.jpg,61.448597,0.6670046,61.93873596191406
7627340946.jpg,10.788136,0.56682783,10.056439399719238
7627752046.jpg,63.87838,0.55645806,63.36838912963867
7628306442.jpg,38.354168,0.617894,34.555755615234375
7628564828.jpg,67.289474,0.6535221,62.84588623046875
7628769918.jpg,76.24306,0.53747183,72.22271728515625
7629156184.jpg,70.375,0.5939283,65.9574966430664
7630573758.jpg,45.651318,0.5913064,41.32921600341797
763136296.jpg,70.70872,0.5644589,70.32202911376953
7633437372.jpg,58.12143,0.633591,61.6461181640625
7634190334.jpg,80.138885,0.4696744,70.54363250732422
7635858220.jpg,60.067226,0.5420105,55.800846099853516
7636475996.jpg,23.176605,0.52727586,25.70211410522461
7640299878.jpg,68.560814,0.5576391,65.73079681396484
7641363622.jpg,66.083336,0.58264685,65.79225158691406
7644640634.jpg,40.205753,0.5941718,42.88421630859375
7645259944.jpg,40.205128,0.6436878,43.54842758178711
764877350.jpg,52.975,0.77728385,70.80937957763672
7651161432.jpg,80.2146,0.42396763,73.45166778564453
7651198192.jpg,63.197826,0.6436878,69.11200714111328
7652900928.jpg,60.47174,0.47241995,62.87318420410156
7654676706.jpg,54.665047,0.5533779,58.72813415527344
7655498028.jpg,45.950935,0.56343615,47.41581726074219
7657349694.jpg,49.364677,0.5578632,55.13935089111328
7660049550.jpg,63.13053,0.53219926,63.06985092163086
7660271516.jpg,67.42673,0.6228773,72.83313751220703
7660478078.jpg,57.57143,0.7015781,49.98518371582031
7661933374.jpg,65.58572,0.6084135,66.80634307861328
7662529090.jpg,61.15625,0.5715833,55.109291076660156
7664231886.jpg,67.52027,0.58579975,70.32935333251953
7665609968.jpg,69.38816,0.5150771,68.3493423461914
7667669426.jpg,77.3125,0.48386976,73.0757827758789
7668828488.jpg,70.675,0.54894835,69.73176574707031
7670929454.jpg,71.640625,0.57385015,68.10814666748047
7671053258.jpg,75.534485,0.47612962,72.91719818115234
7671701194.jpg,80.0625,0.51121044,73.08155059814453
7672860636.jpg,56.370193,0.60582674,63.46703338623047
7673637784.jpg,56.94748,0.60372674,54.80812454223633
7673801638.jpg,80.43363,0.38742614,72.49010467529297
7674660830.jpg,68.132355,0.58759916,69.60441589355469
7676074992.jpg,56.829742,0.543203,56.45088195800781
7676832810.jpg,62.138393,0.60297143,59.28594207763672
7678256566.jpg,78.09244,0.44308224,74.00959014892578
7678821440.jpg,73.30882,0.6664519,73.491943359375
767916820.jpg,71.286766,0.55418843,66.66159057617188
7684026832.jpg,53.758404,0.5583806,57.33336639404297
7685277932.jpg,62.5,0.5025189,64.15164947509766
7685698864.jpg,56.38372,0.5,48.02391052246094
7689540594.jpg,80.53641,0.43138498,71.5202407836914
7690007638.jpg,58.75,0.65508777,62.06214904785156
7692418948.jpg,58.463043,0.60046405,54.01929473876953
7693237184.jpg,71.875,0.64591825,68.75580596923828
7695585576.jpg,82.94538,0.49435267,76.32329559326172
7697080640.jpg,66.16102,0.53171337,61.43573760986328
7697492926.jpg,65.33669,0.50325924,62.338958740234375
7700511938.jpg,62.08173,0.5325856,62.254878997802734
7700955958.jpg,61.90652,0.53400826,62.23108673095703
7703482662.jpg,70.49039,0.64070493,66.37850189208984
7704019566.jpg,72.03761,0.57214963,72.14735412597656
7705365342.jpg,61.65278,0.6031936,62.03366470336914
7710623518.jpg,53.20133,0.5956459,53.17822265625
7710868262.jpg,53.394737,0.56742954,52.96575927734375
7712722502.jpg,74.67609,0.5833464,65.38140869140625
7714207710.jpg,38.214027,0.57907116,39.090354919433594
7714653298.jpg,46.006695,0.5800404,39.089210510253906
7715219180.jpg,49.37864,0.60998297,45.7992057800293
7717158358.jpg,75.175674,0.51671106,70.95870208740234
7720747032.jpg,78.37162,0.57244194,71.5844497680664
7721291102.jpg,70.2584,0.59960306,70.35633087158203
772323238.jpg,47.01835,0.6261623,42.19032669067383
7726222874.jpg,22.006302,0.55326784,26.666889190673828
7728661610.jpg,72.18412,0.52482074,60.300209045410156
7728764770.jpg,72.5514,0.5041571,67.76952362060547
7730088582.jpg,36.81875,0.6255576,30.97679901123047
7731030916.jpg,42.86875,0.6425294,45.59796142578125
7731352704.jpg,76.00625,0.4398802,70.82936096191406
7731477968.jpg,28.594828,0.5833464,29.623252868652344
7732609964.jpg,78.43421,0.38970393,74.03433990478516
7734376776.jpg,72.7542,0.5321609,63.088802337646484
7734540620.jpg,73.50481,0.5389109,66.96944427490234
7736222330.jpg,58.349514,0.60046405,57.94597625732422
7736601364.jpg,83.720985,0.46362817,70.48094177246094
7736819994.jpg,58.75,0.6345509,61.62164306640625
7737023436.jpg,50.002155,0.5808702,45.671958923339844
7737184960.jpg,63.126087,0.53551954,59.32368469238281
7738480598.jpg,31.394737,0.5493919,33.80535888671875
7739550292.jpg,56.275,0.5573323,61.56866455078125
7741343046.jpg,53.299107,0.49180162,40.75825500488281
774152136.jpg,54.783653,0.5499199,49.43587875366211
7743542184.jpg,77.05921,0.47959253,68.63885498046875
7743779530.jpg,61.18913,0.5510446,59.97439956665039
7744113492.jpg,52.120537,0.59960306,57.84995651245117
7744189800.jpg,54.25,0.6368455,55.729820251464844
7744274780.jpg,68.546875,0.5566322,58.490989685058594
7744803492.jpg,68.2479,0.49099952,65.42414093017578
7745091164.jpg,72.676605,0.5436669,60.301551818847656
7745366610.jpg,43.768,0.61274225,31.754852294921875
7748906306.jpg,70.23832,0.57254535,75.45552825927734
7749694370.jpg,68.664474,0.520271,62.256385803222656
7749930286.jpg,77.545654,0.5570915,73.0364761352539
7751327300.jpg,73.52826,0.46473378,69.43070220947266
7751390858.jpg,55.820095,0.57735026,59.2894172668457
7751603360.jpg,36.04358,0.68209195,39.07258605957031
7751690228.jpg,71.616974,0.5252224,69.64733123779297
7751952772.jpg,73.39189,0.51417947,70.0948715209961
7753523026.jpg,58.37156,0.53045845,61.54707336425781
7755707532.jpg,71.27232,0.56214756,67.46499633789062
7755789428.jpg,63.57547,0.5411615,65.55913543701172
7756416864.jpg,37.02009,0.63267857,42.232147216796875
7756578200.jpg,18.303097,0.6066233,29.953636169433594
7758019722.jpg,63.230602,0.6501565,67.11062622070312
7758020806.jpg,67.14732,0.59036833,63.319583892822266
7759565946.jpg,79.0344,0.59277993,70.72789001464844
7762883720.jpg,70.23832,0.53632563,64.0190200805664
7763162224.jpg,53.575,0.6121148,59.294898986816406
7765078282.jpg,65.4434,0.53025717,62.528133392333984
7765809112.jpg,51.47059,0.5534619,56.202606201171875
7766392832.jpg,25.384956,0.5633923,32.16923141479492
7767174802.jpg,56.88478,0.46436346,64.66300201416016
7767472114.jpg,66.12389,0.54894835,52.927677154541016
7769931466.jpg,46.964287,0.74708176,60.94422149658203
7769932398.jpg,69.55531,0.59912246,63.66889953613281
7772663024.jpg,58.898647,0.6127462,55.67047882080078
7777135010.jpg,38.88889,0.5885535,24.834209442138672
7778203492.jpg,41.21875,0.7886241,43.75128173828125
7780172596.jpg,73.80825,0.58068866,73.30657196044922
7783320848.jpg,72.373856,0.56666666,66.3420639038086
7785216770.jpg,59.875,0.53819376,62.60955810546875
7785223076.jpg,14.215278,0.588037,14.591277122497559
7786382886.jpg,59.675232,0.5478148,59.73714828491211
7787028496.jpg,48.15367,0.5758351,50.35297393798828
7788471088.jpg,56.531513,0.74635035,46.71487045288086
7788745946.jpg,72.81087,0.47322112,70.08837890625
7789853112.jpg,74.90042,0.5755032,71.06831359863281
7793934458.jpg,59.188053,0.57456946,57.194580078125
7795324248.jpg,72.789474,0.5807245,67.09062194824219
7795515978.jpg,55.083332,0.63467544,60.14052200317383
7796133504.jpg,71.38513,0.5693644,69.68470764160156
7797268116.jpg,64.8446,0.6021938,62.114288330078125
7797743908.jpg,73.67174,0.5689895,70.35437774658203
7801382324.jpg,62.06473,0.6692479,65.61888885498047
7802615964.jpg,74.400734,0.51352286,72.4007339477539
7802695886.jpg,75.11364,0.4833336,71.8238296508789
7806389418.jpg,71.76835,0.5591581,70.20160675048828
7807631220.jpg,81.36384,0.47244853,71.53987121582031
7809493264.jpg,78.49107,0.5477399,69.1728515625
7810003032.jpg,75.18067,0.66009516,65.57585144042969
7810074740.jpg,75.32174,0.6282145,68.04200744628906
7811282766.jpg,71.23649,0.5458803,71.90485382080078
7811388288.jpg,30.713984,0.6401781,30.777841567993164
7814162374.jpg,63.02232,0.68679196,59.58353805541992
7816938468.jpg,59.93919,0.6704162,56.69404602050781
7819211312.jpg,50.131695,0.49546576,42.57322311401367
7819353184.jpg,76.0,0.4545975,70.93216705322266
7819666996.jpg,72.72298,0.5194037,71.24085998535156
7820783548.jpg,42.325687,0.657026,49.09528732299805
7822391242.jpg,60.044117,0.66188765,61.60639953613281
7823568906.jpg,70.31542,0.5381757,69.45429229736328
7823939538.jpg,74.891304,0.600976,72.84134674072266
7826230260.jpg,68.00435,0.64683646,60.324668884277344
7826703034.jpg,70.41106,0.58279043,64.09595489501953
7832796652.jpg,73.03151,0.58428246,61.41187286376953
7833281270.jpg,62.610092,0.55096674,70.23734283447266
7838423662.jpg,65.977875,0.5862005,62.30815887451172
7839484666.jpg,70.75,0.5755755,65.04166412353516
7840986296.jpg,69.94131,0.5833464,63.06501388549805
7841725264.jpg,63.432434,0.5522183,65.3470230102539
7841765362.jpg,70.163536,0.5567855,68.89273834228516
7841859142.jpg,60.955444,0.5930107,60.568695068359375
7841962592.jpg,69.04425,0.590392,66.9859390258789
7842127896.jpg,69.675674,0.5702307,65.7973861694336
7843258130.jpg,68.04054,0.5114083,64.38788604736328
7843358908.jpg,53.43644,0.6201518,55.777679443359375
7843799770.jpg,65.68277,0.6305101,59.90983963012695
7844179556.jpg,72.70625,0.48195115,71.9312515258789
7845980046.jpg,75.779816,0.49445492,73.35894012451172
7846766204.jpg,76.42857,0.4176779,69.5941390991211
7850123296.jpg,54.432243,0.6280816,52.23545455932617
7853457684.jpg,68.84223,0.55339664,62.64094543457031
7854876374.jpg,56.32353,0.7116735,55.2816276550293
7856175732.jpg,79.866974,0.48672682,74.04044342041016
7856451374.jpg,68.875,0.5579311,65.57581329345703
7859713146.jpg,77.557205,0.4978718,77.44637298583984
7861079240.jpg,70.56568,0.5422985,69.7723617553711
7863241080.jpg,58.89602,0.6885791,54.33305358886719
7866144530.jpg,75.93119,0.4779549,72.20499420166016
7866480612.jpg,72.44811,0.6396811,67.30236053466797
7867041724.jpg,73.73026,0.53405976,67.8362045288086
7867646032.jpg,82.125,0.54124296,76.83116149902344
7868631444.jpg,53.493362,0.57323945,43.7627067565918
7870300862.jpg,48.542374,0.58561677,43.923095703125
7870688128.jpg,64.63535,0.58810234,57.70960235595703
7871237210.jpg,73.815216,0.67162704,75.56195831298828
7871346190.jpg,71.43056,0.5705651,66.38001251220703
7875370780.jpg,67.64078,0.6021938,68.04532623291016
7875374202.jpg,70.40596,0.52010846,67.44792938232422
7875422248.jpg,74.121796,0.5177018,70.8623275756836
7877688978.jpg,43.378204,0.6274909,45.818809509277344
7878410170.jpg,41.891304,0.5298766,46.400543212890625
7880797072.jpg,53.198597,0.4623067,54.78203582763672
7881174736.jpg,65.505035,0.5322431,61.980743408203125
7883125264.jpg,45.441036,0.7467655,54.84054183959961
7887126684.jpg,77.25467,0.5284123,66.44005584716797
7889791504.jpg,66.175,0.5977535,71.73584747314453
7892040540.jpg,71.37608,0.577033,71.41633605957031
7892635308.jpg,70.45513,0.5140847,68.30452728271484
7893560424.jpg,57.896553,0.57385015,57.127685546875
7896479602.jpg,65.76974,0.57516044,63.021949768066406
7897296676.jpg,64.421875,0.5261124,60.202083587646484
7899104502.jpg,51.084072,0.73827535,53.27247619628906
7900291786.jpg,64.05357,0.5077123,58.594112396240234
7900303150.jpg,34.148647,0.62780505,27.55118751525879
7902540732.jpg,71.81858,0.5407298,69.34809875488281
7903006270.jpg,76.0126,0.6193206,70.48233032226562
7903635044.jpg,56.19469,0.5974023,58.69289016723633
7903686666.jpg,60.575222,0.61687934,55.99993133544922
7903714372.jpg,49.6,0.557411,52.806697845458984
7904253618.jpg,43.56416,0.598027,48.84778594970703
7904310752.jpg,67.36504,0.51907706,64.10670471191406
7904631250.jpg,76.801285,0.47612962,71.07793426513672
7906332480.jpg,65.2,0.55096674,63.41221237182617
7908624656.jpg,82.17689,0.5320262,73.03925323486328
7908884988.jpg,70.97222,0.51904607,64.19847869873047
7909059554.jpg,61.54661,0.75662214,55.744998931884766
7911339166.jpg,72.26293,0.54442316,74.35778045654297
7911502338.jpg,50.938053,0.55621773,54.170326232910156
7911673358.jpg,74.12864,0.61378914,68.59435272216797
7913897946.jpg,59.980263,0.5743903,53.360260009765625
7914158128.jpg,65.04605,0.60416746,61.758541107177734
7914531096.jpg,76.64955,0.5039056,75.75017547607422
7914714726.jpg,76.97174,0.49191484,62.1619758605957
7915207374.jpg,54.925,0.6244205,59.38065719604492
7915889156.jpg,50.722973,0.60131544,44.19403076171875
7917906506.jpg,61.941036,0.5471481,58.675872802734375
7919265884.jpg,26.27027,0.40328324,27.377267837524414
7919270808.jpg,39.282894,0.53535444,29.531192779541016
7919700760.jpg,78.27009,0.52227986,76.43623352050781
7920824878.jpg,62.5,0.55328333,67.98931884765625
7921753876.jpg,76.57839,0.5440683,74.6648941040039
7923574034.jpg,57.659092,0.6483141,52.688472747802734
7924068268.jpg,73.25862,0.6577239,70.44939422607422
7924366.jpg,10.497899,0.5222631,21.5960636138916
7926649668.jpg,47.564903,0.53792566,43.83722686767578
7927998516.jpg,71.9054,0.53275543,66.79259490966797
7928561010.jpg,43.611652,0.63507825,36.04188537597656
7929212614.jpg,71.96528,0.66749126,75.06238555908203
7929526740.jpg,73.03151,0.5829228,70.9117202758789
7931367844.jpg,82.16428,0.59552413,82.46317291259766
7934073070.jpg,53.098427,0.5395007,56.5785026550293
7934781744.jpg,63.15466,0.6375285,61.699073791503906
7935628474.jpg,77.13771,0.4619866,70.86153411865234
7937116986.jpg,72.0711,0.57177854,73.13964080810547
7940282852.jpg,43.42857,0.5839607,41.67334747314453
7940912870.jpg,55.777027,0.5084948,62.037086486816406
7942038522.jpg,55.50893,0.7182855,53.2642822265625
7945344572.jpg,58.357143,0.57062787,52.46080780029297
7946144914.jpg,54.17437,0.6190456,46.59424591064453
7946380974.jpg,67.99306,0.5524827,63.43339538574219
7946509460.jpg,58.618,0.4786401,59.48056411743164
7946535104.jpg,63.464287,0.6629105,64.09719848632812
7946918290.jpg,32.997665,0.5703006,34.22357940673828
79475896.jpg,42.86875,0.6154304,44.19896697998047
7951947544.jpg,48.79054,0.5857017,52.33479690551758
7954181598.jpg,64.86384,0.57177514,48.92146301269531
7954324384.jpg,62.35437,0.57375246,52.88738250732422
7954849148.jpg,79.18224,0.48014054,68.56429290771484
7955276034.jpg,40.555805,0.7108773,43.21305847167969
7955555286.jpg,73.05974,0.51984495,63.526737213134766
7955776040.jpg,53.027027,0.70953107,62.107025146484375
7956634196.jpg,51.54873,0.53520316,50.661415100097656
7957309250.jpg,63.58108,0.56853527,61.77320861816406
7957627098.jpg,38.474575,0.60416746,42.20832824707031
7959317086.jpg,60.223213,0.6234279,68.1448745727539
7963365940.jpg,45.170353,0.57899183,47.125919342041016
7964487966.jpg,79.975,0.46522644,69.03105926513672
7964545096.jpg,20.576271,0.527872,22.95006561279297
7965307114.jpg,73.79412,0.5379284,64.37550354003906
7967382050.jpg,33.7027,0.68313,46.3972053527832
7969243650.jpg,64.669846,0.5255446,61.369056701660156
7969415278.jpg,55.694443,0.52615535,55.19860076904297
7969516070.jpg,70.03205,0.5160805,63.830482482910156
7969586312.jpg,66.34292,0.7209579,61.70365905761719
7971560974.jpg,73.32767,0.5534696,63.92947006225586
7972772456.jpg,67.78913,0.55705136,66.3205795288086
7973547250.jpg,70.878204,0.60855126,62.29878234863281
7974391613.jpg,77.94711,0.46782196,73.9837646484375
7974813040.jpg,74.489365,0.5031615,67.03288269042969
7974813912.jpg,56.275,0.65506405,60.69255447387695
7975750167.jpg,71.640625,0.53612244,64.64469909667969
7977665407.jpg,27.760504,0.45305777,26.09479331970215
7978014444.jpg,60.60811,0.5815368,56.73406982421875
7978282630.jpg,50.985294,0.5145007,55.379940032958984
7979358830.jpg,72.7171,0.5280825,66.24634552001953
7979712862.jpg,56.047413,0.5824386,57.85230255126953
7979893598.jpg,52.194195,0.5610925,48.45973587036133
7980164509.jpg,54.002357,0.52102906,61.36613082885742
7980394491.jpg,58.75,0.6232413,55.97621536254883
7981422171.jpg,49.162163,0.74285364,53.355255126953125
7981733981.jpg,35.88771,0.5800419,34.1772575378418
7983035556.jpg,72.671875,0.53025717,69.5555648803711
7983388187.jpg,74.83403,0.45122457,71.19139099121094
7983529291.jpg,45.46239,0.6618424,36.13475799560547
7983700558.jpg,68.189186,0.55604494,57.99265670776367
7984667593.jpg,53.27311,0.53377277,57.94062042236328
7985643395.jpg,69.9351,0.5589948,72.60687255859375
7987564601.jpg,58.455357,0.5732139,53.93709945678711
7987926613.jpg,68.51376,0.6170161,61.07898712158203
7989292953.jpg,49.021225,0.7507849,40.976966857910156
7989520325.jpg,50.010593,0.49967813,52.87200164794922
7991164057.jpg,60.88616,0.5798667,56.67273712158203
7991223182.jpg,65.36487,0.55755717,57.87469482421875
7991449337.jpg,80.850914,0.58338857,76.59149932861328
7992243526.jpg,26.887932,0.6019352,31.57975959777832
7992863678.jpg,63.728447,0.5458052,66.9311294555664
7993315454.jpg,58.9,0.58998877,59.597129821777344
7993457702.jpg,53.58478,0.6152621,49.14539337158203
7994018610.jpg,72.243645,0.6113865,64.1976318359375
7994058325.jpg,50.885513,0.6392058,59.400115966796875
7994313310.jpg,70.08588,0.55944353,65.60227966308594
7996052982.jpg,64.805046,0.5534696,62.92274856567383
7996349699.jpg,57.085526,0.5627007,62.532127380371094
7998024612.jpg,62.76351,0.5991087,67.21329498291016
7998388938.jpg,79.12392,0.4514129,77.4951400756836
7998553110.jpg,77.69704,0.5642938,71.14801788330078
7999186610.jpg,52.252213,0.4739206,44.10111999511719
7999779242.jpg,69.475,0.5172053,63.83878707885742
7999886083.jpg,71.5913,0.5287766,71.3871841430664
8000756995.jpg,40.887615,0.6653063,60.71745300292969
8000770201.jpg,60.24286,0.6010923,73.1225357055664
8001662105.jpg,60.59152,0.559248,64.94164276123047
8002007313.jpg,75.171425,0.4874667,68.78771209716797
8003027258.jpg,52.042057,0.56742954,53.018192291259766
8003457683.jpg,56.47638,0.49709952,56.027618408203125
8003576007.jpg,65.4079,0.5309004,62.58216857910156
8003923043.jpg,53.78472,0.5149257,55.362022399902344
8005430981.jpg,75.625,0.57125884,67.30036163330078
8005792260.jpg,70.225,0.5375989,63.20311737060547
8006234274.jpg,76.34513,0.49761733,73.1889877319336
8008251007.jpg,33.824467,0.6222813,33.89751052856445
8008341376.jpg,66.71304,0.588037,64.56478881835938
8009325601.jpg,74.61539,0.4769889,72.0245132446289
8009623425.jpg,73.01271,0.550096,56.10779571533203
8010069396.jpg,73.82758,0.60927534,65.28581237792969
8010819148.jpg,67.297295,0.5023284,68.58399200439453
8012731043.jpg,60.07839,0.6134169,60.71501922607422
8015526971.jpg,76.77521,0.6828116,74.18862915039062
8015637389.jpg,68.011795,0.5012855,65.63438415527344
8015825692.jpg,66.5875,0.55167085,57.11833190917969
8016728166.jpg,70.3,0.6164855,70.40616607666016
8016790601.jpg,68.60976,0.65174705,70.70698547363281
8016871394.jpg,75.17431,0.559618,66.6659927368164
8016925192.jpg,64.716515,0.5573864,68.43074798583984
8017805417.jpg,75.89706,0.5711446,71.17607879638672
80184044.jpg,3.9117646,0.29622972,6.585846424102783
8019221019.jpg,44.39726,0.5257501,36.10380172729492
8020716606.jpg,73.27564,0.52652735,61.354759216308594
8020739978.jpg,70.83036,0.56662357,68.12810516357422
8020768393.jpg,72.8192,0.5041235,74.11528778076172
8021300262.jpg,74.480934,0.5768042,77.33946990966797
8021353022.jpg,74.95536,0.5194037,70.49446868896484
8021456503.jpg,72.7542,0.50008494,66.66280364990234
8021464988.jpg,74.125,0.53123426,60.622039794921875
8022493551.jpg,57.77941,0.6084904,58.46310043334961
8023712580.jpg,72.40756,0.5578354,68.5735092163086
8023758470.jpg,67.27966,0.5384199,66.7122573852539
8025466958.jpg,64.92347,0.5690426,69.6282730102539
8026326591.jpg,72.22248,0.5630903,65.9835205078125
8027425918.jpg,75.1,0.4874667,62.555564880371094
8030242803.jpg,58.908653,0.6313892,50.87217712402344
8033033726.jpg,79.33784,0.44337997,66.7381820678711
8033437927.jpg,63.4,0.64031243,59.30258560180664
8034708472.jpg,62.817707,0.5592792,52.80024719238281
8034781018.jpg,79.26147,0.41050088,67.94698333740234
8035433785.jpg,74.35,0.50776154,73.49605560302734
8035478082.jpg,28.75701,0.5246902,19.150081634521484
8036033409.jpg,65.60045,0.5931187,65.27519989013672
8036386438.jpg,75.25,0.43495885,72.09233856201172
8036607222.jpg,74.19037,0.55839044,70.04479217529297
8039052171.jpg,65.01116,0.69833535,71.10628509521484
8039894154.jpg,41.29241,0.5876619,41.24603271484375
8040007574.jpg,78.95872,0.57735026,66.37832641601562
8040267298.jpg,74.35,0.5526794,70.9122314453125
8040993311.jpg,28.896187,0.5991556,44.701995849609375
8041277931.jpg,75.25,0.7395878,66.0394058227539
80417582.jpg,38.783615,0.57503754,39.036376953125
8041921391.jpg,71.95,0.5396871,64.04298400878906
8041987489.jpg,43.41814,0.7754809,48.372684478759766
8042065108.jpg,70.769394,0.52468276,66.91594696044922
8042361563.jpg,74.30089,0.52615535,67.62804412841797
8042697281.jpg,61.966103,0.6353208,59.639556884765625
8042762603.jpg,73.79412,0.5091302,71.76322174072266
8043120593.jpg,70.45513,0.59484863,66.91287231445312
8043238323.jpg,75.62162,0.5336499,69.94776153564453
8043482690.jpg,61.12838,0.7271539,66.7098617553711
8044678667.jpg,78.916664,0.53722984,73.55004119873047
8044704113.jpg,68.807144,0.5932278,67.38278198242188
8044706176.jpg,39.076923,0.55254024,41.992855072021484
8045159223.jpg,47.29957,0.6263447,47.76593017578125
8045790915.jpg,55.0063,0.6019324,43.97039031982422
8046864953.jpg,68.189186,0.55008376,62.46001434326172
8048106336.jpg,71.017395,0.51229274,65.84628295898438
8049709940.jpg,53.451836,0.660033,48.886993408203125
80498915.jpg,63.810925,0.59600806,57.35009765625
8050471028.jpg,75.81896,0.5177878,74.66016387939453
8050482362.jpg,63.316963,0.5337735,57.44053268432617
8050953362.jpg,72.9879,0.55095875,62.786407470703125
8051569032.jpg,77.29358,0.5124784,71.78067779541016
8053452721.jpg,53.086864,0.493363,50.82961654663086
8054439590.jpg,37.384617,0.5309004,42.15797805786133
8055471009.jpg,61.743362,0.5124784,56.8762321472168
8055570957.jpg,43.83125,0.58810526,40.195343017578125
8056188485.jpg,50.915966,0.6458309,46.21125793457031
8056693769.jpg,68.47321,0.6499015,64.26811218261719
8058467090.jpg,38.35,0.76273376,43.67264175415039
8059797614.jpg,60.67757,0.56139165,62.45326232910156
8060303212.jpg,45.157143,0.72392666,50.04053497314453
8060465172.jpg,61.549107,0.5930288,62.31256866455078
8060595540.jpg,65.158485,0.5451942,62.108299255371094
8062771626.jpg,79.617645,0.5465522,77.49497985839844
8064104833.jpg,66.85268,0.5777005,57.04032897949219
8064361291.jpg,38.480602,0.55310076,48.887271881103516
8065579848.jpg,65.17478,0.6222899,66.80780792236328
8066151099.jpg,57.55128,0.5461342,58.03376770019531
8066534702.jpg,61.87162,0.5933737,60.70887756347656
8066713457.jpg,65.58784,0.59118307,63.437255859375
8067632249.jpg,47.850918,0.65589786,63.7056770324707
8069073334.jpg,57.74565,0.49625733,65.70076751708984
8070731836.jpg,70.43142,0.54404676,67.34845733642578
8072726562.jpg,53.105263,0.49530506,53.104774475097656
8072879274.jpg,71.23451,0.5758351,63.928619384765625
8073301888.jpg,64.75658,0.5445969,61.43600845336914
8073500928.jpg,50.36017,0.61989933,39.98963928222656
8073658473.jpg,74.95796,0.4852366,75.03759002685547
8074116162.jpg,32.12815,0.5689019,26.434694290161133
8074309631.jpg,70.28398,0.6067057,65.46505737304688
8075121778.jpg,75.8446,0.51698726,69.46376037597656
8076181424.jpg,81.775,0.5197105,77.90084838867188
8077318332.jpg,52.22174,0.558605,50.45756530761719
8077601732.jpg,64.9,0.63941586,61.77861022949219
8077634378.jpg,68.44375,0.5930033,67.51407623291016
8078070846.jpg,20.320513,0.58902955,28.664308547973633
8078731890.jpg,67.44196,0.5568422,61.93736267089844
8079522861.jpg,59.052753,0.63057417,55.46352767944336
8081563599.jpg,35.885715,0.5923606,37.73078155517578
8081688318.jpg,65.02876,0.5579311,65.1985092163086
8082249517.jpg,73.57843,0.5966136,69.43177032470703
8083120146.jpg,77.34869,0.43488905,72.5871810913086
8083395637.jpg,74.52631,0.60537285,73.11419677734375
8083559682.jpg,77.45,0.46923712,75.2400131225586
8084074435.jpg,29.442858,0.5414198,31.588760375976562
8084640023.jpg,23.933487,0.69085884,44.62716293334961
8086705362.jpg,74.0021,0.54972523,69.28338623046875
8086991348.jpg,72.69469,0.57187766,57.83890914916992
8087032429.jpg,60.85294,0.600976,64.20375061035156
8087906672.jpg,73.11384,0.5263924,69.88927459716797
8088105369.jpg,68.39955,0.56935835,65.57755279541016
8088110789.jpg,78.79673,0.54457843,77.81201934814453
8088364175.jpg,37.50625,0.5978935,39.187904357910156
8089499290.jpg,68.925,0.586836,72.29019165039062
8090282985.jpg,44.8125,0.5090124,52.06432342529297
8090361774.jpg,35.98611,0.67148423,52.154380798339844
8091151386.jpg,27.637712,0.53935987,21.705541610717773
8093852043.jpg,47.584053,0.6419407,42.489959716796875
8094310910.jpg,72.840706,0.5458803,73.56597137451172
8094870766.jpg,71.33475,0.5468082,70.19832611083984
80954980.jpg,64.59375,0.6715901,56.816062927246094
8095635777.jpg,55.361607,0.49526057,48.2024040222168
8095851163.jpg,55.405407,0.53934103,46.945274353027344
8096129179.jpg,73.357796,0.53333336,63.72159194946289
8100293037.jpg,69.4308,0.64687306,69.33724975585938
8100313754.jpg,85.02521,0.5422823,70.72371673583984
81006585.jpg,23.046219,0.5718839,21.792503356933594
8100783568.jpg,59.65126,0.5291703,63.311981201171875
8101870815.jpg,61.401787,0.5761951,57.236236572265625
8102502953.jpg,66.12389,0.55392563,64.58113861083984
8102673511.jpg,29.761467,0.500101,35.44783401489258
8103481984.jpg,47.8,0.61630124,46.648563385009766
8103867208.jpg,70.02009,0.5188279,59.69078063964844
8104089685.jpg,60.23649,0.6134386,58.59767150878906
8105160200.jpg,63.036766,0.6073209,69.86588287353516
8106242836.jpg,62.682243,0.6134386,60.78797149658203
8106557639.jpg,66.554054,0.5130977,58.02336502075195
8106933398.jpg,74.52913,0.6445034,70.81880950927734
8107402006.jpg,68.69231,0.5368801,68.26236724853516
8107454103.jpg,77.7458,0.6074324,73.46044158935547
8108582186.jpg,65.697365,0.6139406,60.067543029785156
8108590859.jpg,28.9289,0.53639793,43.21067810058594
8108709244.jpg,71.01147,0.5555879,60.84642028808594
8108820426.jpg,81.649536,0.52628803,67.20584869384766
8108912190.jpg,67.27966,0.5997543,66.1226577758789
8109380358.jpg,47.548782,0.49099833,40.598262786865234
8109558815.jpg,59.47794,0.6248973,55.8859748840332
8109560495.jpg,77.19118,0.453517,72.78661346435547
8110370052.jpg,67.0,0.5861853,61.34489440917969
8113113251.jpg,67.0,0.56304836,64.91233825683594
8113190555.jpg,78.2171,0.5138275,74.2432632446289
8113244210.jpg,77.083336,0.45295802,73.16307830810547
8113245382.jpg,79.03125,0.45926654,72.2293701171875
8113369457.jpg,73.1875,0.56126493,56.88602066040039
8113498731.jpg,72.1,0.5301567,66.06343841552734
8114138182.jpg,78.93446,0.53431034,68.92052459716797
8114369605.jpg,79.490654,0.57551485,72.13824462890625
8115151138.jpg,64.59375,0.5734401,64.86431121826172
8115433304.jpg,50.896633,0.7299378,44.573883056640625
8116678978.jpg,78.5354,0.46646538,70.11307525634766
8116711629.jpg,77.13571,0.5583763,66.7095718383789
8118290739.jpg,57.664474,0.55534786,58.180381774902344
8120535413.jpg,46.825,0.63267857,38.809165954589844
8120735257.jpg,72.75944,0.544013,75.40717315673828
8120809574.jpg,55.182434,0.60886496,55.347312927246094
8121424411.jpg,43.91514,0.64700377,47.37272644042969
8121591181.jpg,57.25714,0.6112801,53.23646545410156
8121860471.jpg,66.2374,0.5883719,61.817176818847656
8121986127.jpg,75.39474,0.61568326,73.2080307006836
8122853098.jpg,42.009125,0.6332476,49.38644027709961
8123324192.jpg,64.19954,0.53561527,62.164398193359375
8125828960.jpg,53.082607,0.5743701,52.885101318359375
8125869229.jpg,66.220474,0.5262348,63.45139694213867
8126953338.jpg,63.711147,0.5206921,53.00091552734375
8127311442.jpg,47.184578,0.55914515,37.29949951171875
8127846229.jpg,46.15402,0.6819586,40.88721466064453
8128148667.jpg,73.45,0.61687934,66.28176879882812
8128298263.jpg,81.98026,0.47740436,70.90235137939453
8128596449.jpg,52.0,0.63670707,49.35215759277344
8128896956.jpg,47.802883,0.7565942,39.09435272216797
8129021372.jpg,50.02404,0.5780146,44.77526092529297
8129206186.jpg,72.875,0.6035499,71.40046691894531
81292981.jpg,17.6375,0.5991447,31.097293853759766
8130387818.jpg,57.412163,0.5284564,60.62982177734375
8130446271.jpg,60.954742,0.47769463,62.12382507324219
8130469512.jpg,56.97198,0.6024595,62.21968078613281
8130745750.jpg,57.322117,0.5771821,55.76402282714844
8131856300.jpg,69.304054,0.5577278,56.55552673339844
8132171428.jpg,67.445946,0.56792206,54.78125
8132808180.jpg,57.285046,0.64854765,60.66856384277344
8132835141.jpg,83.727066,0.44684446,78.99111938476562
8134031054.jpg,46.271008,0.53923804,42.09154510498047
8135725807.jpg,71.125,0.59638715,61.16835021972656
8136167992.jpg,63.221962,0.5757701,64.48524475097656
8137649050.jpg,69.16737,0.60170734,66.59921264648438
8137709650.jpg,69.44839,0.57392186,66.55512237548828
8137767984.jpg,14.2616825,0.57177514,9.65478229522705
8138101923.jpg,63.307144,0.5934473,60.934669494628906
8141906514.jpg,58.384956,0.6064368,55.079280853271484
8142530403.jpg,67.14348,0.5764985,64.57535552978516
8142555462.jpg,47.67361,0.6032495,42.55979537963867
8142580716.jpg,50.141304,0.6642213,55.81122589111328
8142588958.jpg,68.6942,0.5185214,65.5006332397461
8142609774.jpg,65.67161,0.5872701,67.42527770996094
8142864218.jpg,66.25,0.5328879,69.06889343261719
8144270233.jpg,69.675674,0.5387885,68.37206268310547
8144691822.jpg,75.64286,0.64206535,71.41265106201172
8145791705.jpg,58.54375,0.7076278,62.817543029785156
8148747862.jpg,75.00495,0.49225813,71.11418151855469
8150322605.jpg,68.451385,0.53887504,68.59257507324219
8152475637.jpg,39.22991,0.5918412,28.89632797241211
8152535252.jpg,17.802752,0.5784272,25.358028411865234
8152567908.jpg,57.918068,0.59016377,48.19940948486328
8152645114.jpg,63.05752,0.5593036,66.6775131225586
8154204617.jpg,73.34615,0.59105027,69.90641021728516
8154345084.jpg,74.77404,0.49225813,70.25516510009766
8154496951.jpg,50.651375,0.6134237,45.2758674621582
8155106995.jpg,61.138157,0.6747584,62.725616455078125
8156018718.jpg,80.50664,0.5145007,77.7996826171875
8156608688.jpg,82.55921,0.5084948,73.1446304321289
8157038620.jpg,71.310814,0.6094494,67.60494232177734
8157117322.jpg,79.63053,0.48195952,75.7270278930664
8157884969.jpg,45.328358,0.7051889,55.605133056640625
8157886874.jpg,71.19612,0.60030025,68.98856353759766
8158011851.jpg,69.223915,0.5147993,69.25271606445312
8158072489.jpg,75.961205,0.6619555,68.45520782470703
8158344434.jpg,72.427635,0.52797216,66.3572769165039
8158453521.jpg,68.892204,0.5552889,67.83100128173828
8159044184.jpg,63.30921,0.7196385,64.64137268066406
8159815111.jpg,39.625,0.55983645,36.1514892578125
8161767113.jpg,65.02876,0.65244776,72.82416534423828
8162335542.jpg,38.95,0.5899028,39.696685791015625
8162764501.jpg,78.55,0.5713275,71.04874420166016
8163644568.jpg,18.817226,0.53040147,20.520172119140625
8164370728.jpg,58.264706,0.61160976,53.7841911315918
8164688693.jpg,69.565125,0.6019845,60.911170959472656
8165044722.jpg,49.40487,0.72014123,53.60831832885742
8165323576.jpg,22.245575,0.60369784,24.81180191040039
8166756819.jpg,53.068398,0.70428646,51.772544860839844
8167486220.jpg,72.165215,0.5934625,67.1717758178711
8167676296.jpg,43.575893,0.6637977,32.631996154785156
8167934912.jpg,74.61539,0.5179376,71.95813751220703
8169167251.jpg,58.82857,0.5457163,62.114959716796875
8171751224.jpg,68.15385,0.5424925,67.38492584228516
8171907364.jpg,29.585526,0.48663455,33.188087463378906
8172599370.jpg,63.464287,0.5442669,59.37010955810547
8174015928.jpg,45.097343,0.6623819,41.27922821044922
8175674967.jpg,69.94131,0.6556169,69.65300750732422
8175828572.jpg,70.77542,0.53361356,71.90310668945312
8176025549.jpg,76.75,0.47536886,70.46475219726562
8176328950.jpg,70.392525,0.53830147,60.382232666015625
8176381032.jpg,55.87028,0.53240687,48.153411865234375
8177148898.jpg,61.6,0.5504274,61.42179870605469
8177168382.jpg,42.39348,0.574147,42.67863845825195
8178464033.jpg,75.91295,0.5015845,68.59351348876953
8178540063.jpg,47.18527,0.6032495,46.32917022705078
8178731250.jpg,67.41597,0.55068386,66.4467544555664
8178834291.jpg,51.356133,0.49546576,50.24831008911133
8179375247.jpg,80.34559,0.40602732,67.00899505615234
8179397976.jpg,71.009346,0.5294657,67.3469009399414
8179500414.jpg,78.85437,0.48759058,68.45635986328125
8179614383.jpg,57.692307,0.50195616,52.0789794921875
8179882827.jpg,73.03472,0.54970384,69.4381332397461
8181726766.jpg,40.616337,0.57420933,40.085731506347656
8182062575.jpg,43.11087,0.5945417,36.723602294921875
8182393998.jpg,42.25,0.6790966,44.54631423950195
8183741020.jpg,66.62838,0.5392981,60.819549560546875
8183781293.jpg,38.907326,0.6369283,45.152015686035156
8183790186.jpg,64.695946,0.5728532,53.50920867919922
8184075727.jpg,71.67257,0.48975804,68.24702453613281
8184338593.jpg,42.32237,0.5256597,40.95465850830078
8184978499.jpg,73.675,0.5276686,72.50810241699219
8185021640.jpg,76.10345,0.4865468,72.4146728515625
8185807831.jpg,61.2323,0.61332554,64.23722839355469
8185829074.jpg,73.42478,0.61213845,61.1182861328125
8186224852.jpg,66.65336,0.63444126,68.3752670288086
8186599780.jpg,53.353382,0.62356526,57.76245880126953
818793256.jpg,58.611343,0.6485065,65.1922378540039
8188022955.jpg,65.287735,0.54249823,59.94361877441406
8188461365.jpg,61.945946,0.565768,48.67574691772461
8188524067.jpg,45.52027,0.520472,40.49446105957031
8189076643.jpg,79.0,0.54826456,64.73201751708984
8189726942.jpg,62.98261,0.5459005,55.68803405761719
8191059336.jpg,73.34091,0.52219814,70.7385025024414
8192678214.jpg,75.61504,0.46660733,74.96880340576172
8192992760.jpg,60.01351,0.5387885,50.07823944091797
8194129270.jpg,68.310745,0.5397343,64.08223724365234
8194417466.jpg,80.824326,0.4872909,79.18900299072266
8195268203.jpg,26.33407,0.56396323,34.37956619262695
8195491375.jpg,50.651375,0.69236475,54.25409698486328
8195543723.jpg,76.728775,0.6303724,78.63359069824219
8195809276.jpg,52.92647,0.52186316,60.786746978759766
8195917264.jpg,75.39865,0.48886982,68.10851287841797
8196266010.jpg,36.573395,0.6528106,41.067787170410156
8197822329.jpg,37.135,0.56214756,39.25830078125
8199545794.jpg,77.659294,0.55191636,72.80941009521484
8199731208.jpg,70.17308,0.57788557,72.39026641845703
8199832249.jpg,61.98832,0.60869765,56.160919189453125
